Name,Year,NHC Id,Max Classification,Max Intensity,Max Pressure,Hurricane Start Date,Hurricane Stop Date,Reports,First Report Date,Lcenterdot Report Date,Counties Reported
Irma,2017,\href{https://www.nhc.noaa.gov/data/tcr/AL112017_Irma.pdf}{AL112017},Category 5 (SSHWS$^\centerdot$),155 kt (79.4 m/s),914 mb,8/30/2017,9/12/2017,168,9/9/2017 6:00,9/29/2017 9:00,67
Alberto,2018,\href{https://www.nhc.noaa.gov/data/tcr/AL012018_Alberto.pdf}{AL012018},Tropical Storm,55 kt (28.29 m/s),991 mb,5/25/2018,5/31/2018,13,5/27/2018 9:01,5/29/2018 9:20,67
Michael,2018,\href{https://www.nhc.noaa.gov/data/tcr/AL142018_Michael.pdf}{AL142018},Category 5 (SSHWS$^\centerdot$),140 kt (72.02 m/s),919 mb,10/7/2018,10/11/2018,133,10/9/2018 21:00,11/6/2018 11:18,67
Dorian,2019,\href{https://www.nhc.noaa.gov/data/tcr/AL052019_Dorian.pdf}{AL052019},Category 5 (SSHWS$^\centerdot$),160 kt (82.31 m/s),910 mb,8/24/2019,9/7/2019,14,9/1/2019 6:00,9/4/2019 18:00,67
Isaias,2020,\href{https://www.nhc.noaa.gov/data/tcr/AL092020_Isaias.pdf}{AL092020},Category 1 (SSHWS$^\centerdot$),80 kt (41.15 m/s),986 mb,7/30/2020,8/4/2020,6,8/1/2020 18:00,8/2/2020 18:00,67
Sally,2020,\href{https://www.nhc.noaa.gov/data/tcr/AL192020_Sally.pdf}{AL192020},Category 2 (SSHWS$^\centerdot$),95 kt (48.87 m/s),967 mb,9/11/2020,9/17/2020,36,9/16/2020 6:00,9/21/2020 21:00,13
Eta,2020,\href{https://www.nhc.noaa.gov/data/tcr/AL292020_Eta.pdf}{AL292020},Category 4 (SSHWS$^\centerdot$),130 kt (66.88 m/s),922 mb,10/31/2020,11/13/2020,15,11/8/2020 21:00,11/12/2020 18:00,67
Elsa,2021,\href{https://www.nhc.noaa.gov/data/tcr/AL052021_Elsa.pdf}{AL052021},Category 1 (SSHWS$^\centerdot$),75 kt (38.58 m/s),991 mb,6/30/2021,7/9/2021,15,7/5/2021 18:00,7/8/2021 6:00,67
Fred,2021,\href{https://www.nhc.noaa.gov/data/tcr/AL062021_Fred.pdf}{AL062021},Tropical Storm,55 kt (28.29 m/s),991 mb,8/11/2021,8/17/2021,5,8/16/2021 18:00,8/17/2021 12:00,67
Ian,2022,\href{https://www.nhc.noaa.gov/data/tcr/AL092022_Ian.pdf}{AL092022},Category 5 (SSHWS$^\centerdot$),140 kt (72.02 m/s),937 mb,9/23/2022,9/30/2022,114,9/27/2022 6:00,10/28/2022 9:00,67
Nicole,2022,\href{https://www.nhc.noaa.gov/data/tcr/AL172022_Nicole.pdf}{AL172022},Category 1 (SSHWS$^\centerdot$),65 kt (33.44 m/s),980 mb,11/7/2022,11/11/2022,18,11/9/2022 9:00,11/11/2022 22:00,67
